student_id,age_band,entry_route,prior_gpa,first_generation,financial_support,distance_km,week4_attendance_rate,week4_lms_logins,assignment1_score,support_sessions_week4,final_attendance_rate,final_exam_score,credits_completed,academic_success
S10000,18-20,Direct,1.58,0,0,7.7,0.41,0,37.2,2,0.33,23.5,11,0
S10001,21-24,Access,2.67,0,0,7.1,0.7,17,62.5,0,0.63,47.9,16,0
S10002,21-24,Transfer,2.89,1,1,39.7,0.594,10,64.3,4,0.552,51.4,20,0
S10003,25+,Direct,2.56,0,1,,0.457,5,44.9,0,0.343,44.6,16,0
S10004,18-20,Transfer,3.46,0,1,10.4,0.612,9,,0,0.679,80.2,60,1
S10005,21-24,Direct,3.36,0,0,19.0,0.668,17,58.0,0,0.628,51.8,25,0
S10006,18-20,Direct,2.62,0,0,8.6,0.491,0,22.4,0,0.426,44.5,23,0
S10007,25+,Direct,2.43,0,0,24.3,0.551,2,52.7,2,0.454,40.9,13,0
S10008,18-20,Direct,2.39,1,1,12.6,0.414,13,42.6,2,0.393,38.7,24,0
S10009,18-20,Access,3.51,1,0,12.7,0.82,28,85.3,1,0.836,89.3,56,1
S10010,25+,Direct,1.88,1,1,4.0,0.731,11,47.2,1,0.591,58.6,9,0
S10011,21-24,Direct,2.81,0,0,1.0,0.935,25,78.6,0,1.0,93.1,57,1
S10012,21-24,Transfer,4.0,0,1,4.1,0.737,14,68.6,0,0.817,100.0,56,1
S10013,25+,Direct,3.38,1,0,24.3,0.725,8,71.7,2,0.785,90.9,60,1
S10014,21-24,Direct,2.7,0,0,4.7,0.547,6,52.0,1,0.389,40.9,12,0
S10015,18-20,Direct,2.51,0,0,26.9,0.447,6,62.5,0,0.582,69.2,43,1
S10016,18-20,Direct,3.29,1,1,,0.858,14,68.8,1,0.866,45.4,17,0
S10017,25+,Transfer,2.68,0,1,3.3,0.84,18,54.0,1,0.79,38.5,27,0
S10018,21-24,Access,3.57,1,0,44.2,0.892,26,92.0,1,0.971,85.0,60,1
S10019,18-20,Direct,2.74,0,0,9.6,0.708,16,70.4,4,0.67,37.4,22,0
S10020,18-20,Transfer,2.54,0,0,25.9,0.443,15,56.8,1,0.336,48.0,16,0
S10021,25+,Direct,2.4,1,1,19.1,0.476,8,50.8,0,0.595,69.5,54,1
S10022,25+,Direct,2.79,0,1,15.2,0.902,19,82.6,0,1.0,88.7,59,1
S10023,25+,Direct,2.8,0,1,10.4,0.833,15,67.8,1,0.764,65.7,21,0
S10024,18-20,Access,2.81,0,0,28.8,0.712,11,87.3,2,0.676,52.1,22,0
S10025,21-24,Direct,3.18,1,0,12.4,0.669,15,71.6,3,0.696,75.1,55,1
S10026,25+,Direct,3.06,1,0,15.4,0.876,17,66.9,1,0.944,69.2,55,1
S10027,21-24,Direct,3.47,0,1,17.0,0.594,8,76.7,0,0.523,58.3,24,0
S10028,21-24,Access,2.28,1,0,10.7,0.997,31,57.7,2,1.0,74.8,47,1
S10029,18-20,Transfer,2.28,0,0,8.0,0.762,27,89.3,0,0.788,48.1,14,0
S10030,21-24,Direct,2.85,0,1,17.2,0.849,16,79.8,0,0.956,79.1,56,1
S10031,21-24,Direct,2.54,0,1,39.7,0.583,14,64.7,0,0.589,44.2,18,0
S10032,21-24,Direct,3.65,1,1,7.7,0.434,7,59.3,1,0.308,55.1,16,0
S10033,21-24,Direct,2.27,0,1,11.4,0.426,0,32.1,2,0.55,67.4,50,1
S10034,21-24,Direct,2.05,1,1,29.8,0.505,11,41.4,3,0.426,39.2,18,0
S10035,25+,Direct,3.07,0,1,31.5,0.846,31,92.4,1,0.842,81.4,55,1
S10036,18-20,Direct,1.55,1,1,,0.824,24,66.9,0,0.765,40.2,14,0
S10037,18-20,Transfer,2.62,0,0,16.2,0.927,21,66.3,0,0.916,44.6,24,0
S10038,18-20,Transfer,3.45,0,1,29.5,0.799,15,99.6,2,0.91,91.9,59,1
S10039,18-20,Direct,4.0,0,0,12.3,0.964,23,76.2,0,1.0,100.0,57,1
S10040,18-20,Direct,3.54,1,0,13.4,0.779,17,52.0,0,0.835,79.1,60,1
S10041,21-24,Direct,2.54,1,1,23.4,0.2,1,16.7,1,0.273,52.2,18,0
S10042,18-20,Direct,2.63,0,0,7.4,0.709,9,76.6,0,0.778,75.5,58,1
S10043,25+,Access,2.75,1,0,5.6,0.699,17,33.6,0,0.636,56.1,15,0
S10044,21-24,Direct,2.86,1,1,4.5,0.335,5,59.0,1,0.316,35.3,20,0
S10045,21-24,Direct,2.14,0,0,7.2,0.671,8,63.0,0,0.694,73.7,58,1
S10046,18-20,Direct,1.85,0,0,3.6,0.571,8,45.6,2,0.55,47.7,11,0
S10047,18-20,Direct,1.92,0,0,5.5,0.755,23,72.7,0,0.752,48.0,19,0
S10048,18-20,Direct,2.58,0,0,27.6,0.665,7,43.9,3,0.605,47.8,19,0
S10049,21-24,Direct,3.74,0,1,23.7,0.529,24,47.1,2,0.435,51.5,21,0
S10050,18-20,Direct,3.1,1,1,12.2,0.898,19,100.0,2,0.886,76.0,60,1
S10051,18-20,Transfer,2.59,1,0,23.7,0.829,13,68.7,3,0.763,58.8,24,0
S10052,25+,Direct,1.76,1,0,10.6,0.593,25,43.2,1,0.537,43.9,18,0
S10053,18-20,Access,2.15,1,0,16.0,0.611,5,63.7,2,0.671,67.0,54,1
S10054,21-24,Access,3.5,0,0,12.6,0.924,13,61.8,5,0.907,47.5,20,0
S10055,21-24,Direct,2.86,0,1,20.5,0.774,23,85.1,1,0.885,91.1,57,1
S10056,18-20,Direct,3.18,1,1,23.2,0.645,19,62.1,0,0.519,47.1,17,0
S10057,25+,Direct,2.19,0,1,6.8,0.635,27,41.1,3,0.612,54.5,13,0
S10058,18-20,Direct,1.68,1,1,11.3,0.426,6,26.5,2,0.35,37.7,14,0
S10059,18-20,Access,2.77,0,0,54.4,1.0,31,94.0,2,1.0,78.5,57,1
S10060,18-20,Transfer,3.05,0,0,19.9,0.664,3,71.3,1,0.68,80.2,52,1
S10061,18-20,Transfer,1.02,0,0,34.4,0.635,12,59.9,0,0.566,34.4,21,0
S10062,18-20,Direct,3.42,0,1,20.4,0.847,8,67.4,1,0.997,83.0,54,1
S10063,18-20,Direct,2.38,0,0,12.4,0.591,6,65.5,1,0.677,84.7,55,1
S10064,18-20,Direct,2.57,0,0,15.2,0.554,17,39.5,1,0.441,51.4,19,0
S10065,18-20,Transfer,1.7,0,0,7.4,0.605,12,42.3,3,0.564,37.0,9,0
S10066,18-20,Access,3.16,1,1,5.3,0.7,12,73.1,0,0.803,83.8,57,1
S10067,21-24,Direct,2.21,0,1,0.7,0.698,22,86.4,1,0.87,81.0,42,1
S10068,18-20,Access,2.92,0,1,10.2,0.859,19,69.5,1,0.9,88.1,56,1
S10069,21-24,Direct,2.56,0,1,4.9,0.646,16,46.7,3,0.736,85.0,60,1
S10070,18-20,Direct,3.46,0,1,13.6,0.701,10,72.5,2,0.685,89.9,58,1
S10071,18-20,Direct,2.56,0,0,28.6,0.661,16,27.0,3,0.644,40.6,14,0
S10072,18-20,Direct,3.42,0,0,2.3,0.659,25,83.8,0,0.541,55.9,15,0
S10073,18-20,Transfer,2.56,1,0,25.5,0.782,18,46.6,1,0.833,79.8,54,1
S10074,18-20,Transfer,3.31,0,0,12.6,0.682,13,,3,0.752,65.8,58,1
S10075,18-20,Direct,,0,1,25.1,0.92,30,69.0,0,0.914,80.7,58,1
S10076,18-20,Direct,1.97,0,0,8.1,0.671,18,79.7,0,0.633,65.6,60,1
S10077,18-20,Transfer,2.99,0,0,5.7,0.83,19,60.9,1,0.867,80.1,58,1
S10078,18-20,Access,2.35,0,1,18.7,1.0,10,88.2,0,1.0,83.7,48,1
S10079,21-24,Transfer,2.6,0,1,39.0,0.645,12,26.4,0,0.655,38.8,21,0
S10080,18-20,Direct,2.6,0,1,7.0,0.846,24,76.3,4,0.901,78.2,46,1
S10081,18-20,Direct,2.46,0,1,11.7,0.727,13,63.8,0,0.734,88.0,53,1
S10082,18-20,Direct,2.09,0,0,10.0,0.858,10,63.9,3,0.842,37.1,7,0
S10083,25+,Transfer,2.38,1,0,17.6,0.428,16,62.4,1,0.296,49.2,14,0
S10084,21-24,Transfer,,0,0,23.2,0.674,18,53.2,1,0.726,81.1,56,1
S10085,21-24,Direct,1.87,1,0,28.3,0.515,16,33.0,1,0.321,33.8,12,0
S10086,18-20,Access,2.64,1,0,37.2,0.62,7,62.4,2,0.575,38.3,20,0
S10087,18-20,Access,2.19,1,0,19.4,0.61,12,68.3,1,0.704,66.8,48,1
S10088,21-24,Direct,2.54,0,0,7.1,0.528,17,57.3,0,0.495,43.1,24,0
S10089,18-20,Direct,2.04,0,1,6.7,0.721,14,,0,0.695,33.4,7,0
S10090,18-20,Direct,3.59,0,0,,0.584,24,,2,0.629,80.0,44,1
S10091,18-20,Direct,2.28,1,0,21.3,0.692,9,78.0,0,0.547,41.2,17,0
S10092,18-20,Transfer,3.13,0,0,12.1,0.632,21,60.2,1,0.558,39.1,20,0
S10093,18-20,Access,,0,1,21.6,0.715,6,50.3,1,0.651,50.1,20,0
S10094,18-20,Direct,2.97,0,0,10.2,0.746,16,76.2,0,0.681,46.2,14,0
S10095,21-24,Transfer,1.93,0,1,25.3,0.491,7,59.4,4,0.556,74.8,54,1
S10096,25+,Access,2.08,1,0,35.1,0.653,11,27.2,0,0.632,40.1,5,0
S10097,21-24,Direct,3.8,0,0,21.0,0.548,18,63.8,0,0.47,51.8,28,0
S10098,21-24,Transfer,3.35,0,1,30.0,0.524,13,54.4,0,0.533,47.9,29,0
S10099,18-20,Direct,2.2,1,0,33.7,0.582,13,41.6,0,0.455,50.1,20,0
S10100,18-20,Direct,2.86,0,0,10.3,0.687,14,,1,0.742,76.2,49,1
S10101,18-20,Transfer,3.63,1,0,9.5,0.714,12,80.7,2,0.858,94.1,56,1
S10102,21-24,Transfer,3.81,1,1,16.4,0.791,19,57.8,2,0.949,85.3,60,1
S10103,18-20,Direct,3.51,1,1,33.4,0.898,20,81.7,2,0.994,92.1,60,1
S10104,21-24,Access,3.28,1,1,27.4,0.903,20,91.8,3,0.978,86.2,59,1
S10105,18-20,Direct,2.89,0,0,3.8,0.549,27,44.1,1,0.646,92.6,52,1
S10106,18-20,Direct,1.82,0,0,45.5,0.629,1,35.2,1,0.615,36.1,11,0
S10107,25+,Transfer,2.38,0,1,,0.622,22,65.4,1,0.564,38.0,16,0
S10108,25+,Transfer,3.31,0,0,27.1,0.81,29,82.7,0,0.763,38.3,21,0
S10109,18-20,Direct,3.07,1,0,8.0,0.642,18,46.2,1,0.669,72.5,59,1
S10110,21-24,Direct,3.12,0,1,15.9,0.526,9,47.7,1,0.672,85.5,60,1
S10111,18-20,Direct,3.15,0,0,19.5,1.0,30,100.0,1,1.0,94.2,52,1
S10112,21-24,Direct,2.39,1,1,9.8,0.609,14,63.7,2,0.56,44.4,13,0
S10113,21-24,Direct,3.27,0,1,37.7,0.931,35,100.0,2,1.0,84.2,59,1
S10114,21-24,Transfer,2.12,1,1,25.7,0.613,14,46.0,1,0.548,44.3,14,0
S10115,25+,Direct,2.13,0,0,22.3,0.659,19,,1,0.588,44.6,11,0
S10116,25+,Direct,2.5,1,0,8.1,0.855,27,75.4,2,0.863,73.0,56,1
S10117,18-20,Direct,2.72,1,1,8.1,0.8,15,61.1,1,0.933,78.3,53,1
S10118,18-20,Direct,1.67,0,0,14.7,0.516,4,50.4,2,0.479,48.4,17,0
S10119,18-20,Transfer,1.97,0,1,44.2,0.598,0,15.5,1,0.518,39.9,12,0
S10120,18-20,Transfer,2.8,1,0,15.6,0.591,11,78.9,0,0.502,38.6,21,0
S10121,18-20,Direct,3.48,0,0,10.6,0.781,22,91.6,0,0.764,51.8,19,0
S10122,18-20,Access,2.97,1,0,6.1,0.844,29,50.1,0,0.833,53.6,21,0
S10123,21-24,Transfer,2.36,1,0,27.1,0.863,11,48.1,0,0.941,81.6,52,1
S10124,21-24,Direct,2.15,1,0,9.7,0.756,12,46.0,2,0.707,42.8,22,0
S10125,18-20,Transfer,3.05,0,0,24.3,0.894,12,63.0,0,0.898,85.6,60,1
S10126,25+,Direct,3.3,0,0,12.4,0.621,14,69.4,1,0.77,92.6,60,1
S10127,18-20,Direct,2.68,0,0,16.7,0.817,22,62.7,0,0.768,43.1,19,0
S10128,18-20,Transfer,2.8,0,1,8.3,0.674,18,56.7,1,0.571,54.1,13,0
S10129,18-20,Direct,3.3,1,1,40.1,0.88,25,98.1,0,0.926,76.8,60,1
S10130,25+,Direct,2.53,1,1,17.7,0.653,16,57.9,2,0.507,60.0,19,0
S10131,25+,Transfer,2.42,1,1,19.1,0.877,15,80.2,0,0.913,77.5,54,1
S10132,18-20,Transfer,3.94,0,0,25.5,0.845,26,84.7,1,0.894,100.0,55,1
S10133,18-20,Direct,2.14,0,0,30.9,0.685,16,78.9,0,0.838,81.3,53,1
S10134,18-20,Direct,3.15,0,1,8.4,0.787,15,,1,0.858,81.0,57,1
S10135,21-24,Direct,3.61,0,0,7.9,0.786,19,59.4,0,0.877,87.6,58,1
S10136,18-20,Direct,2.57,1,0,11.8,0.689,9,61.2,1,0.611,44.7,16,0
S10137,21-24,Transfer,3.12,1,0,6.3,0.716,8,43.0,1,0.821,90.1,52,1
S10138,18-20,Direct,3.28,1,1,34.2,0.605,21,86.6,1,0.77,89.6,53,1
S10139,25+,Direct,2.89,0,0,12.3,0.82,26,71.1,0,0.821,79.4,56,1
S10140,21-24,Direct,,0,0,23.0,0.694,27,70.4,0,0.577,51.6,24,0
S10141,18-20,Direct,2.37,0,0,15.0,0.688,12,72.2,1,0.66,38.6,19,0
S10142,18-20,Direct,2.59,1,1,21.2,0.62,9,59.9,0,0.595,80.9,44,1
S10143,18-20,Direct,3.55,0,0,,0.823,14,59.8,0,0.654,55.6,24,0
S10144,21-24,Direct,1.96,1,0,2.0,0.863,21,57.1,1,0.74,32.1,21,0
S10145,18-20,Direct,2.03,0,1,20.9,0.624,28,74.4,0,0.566,40.6,8,0
S10146,18-20,Direct,2.24,1,0,22.2,0.749,10,50.8,1,0.608,38.7,14,0
S10147,25+,Direct,3.17,1,1,2.7,0.747,16,72.6,2,0.79,62.3,60,1
S10148,21-24,Direct,2.95,0,0,10.3,0.897,28,65.8,4,0.976,68.5,53,1
S10149,18-20,Transfer,2.26,0,0,8.7,0.966,17,100.0,2,1.0,73.5,60,1
S10150,18-20,Transfer,2.59,0,0,6.1,0.858,18,46.4,0,0.895,67.6,58,1
S10151,21-24,Transfer,3.21,0,0,5.8,0.93,24,90.3,0,1.0,73.9,51,1
S10152,18-20,Access,2.67,1,0,32.1,0.814,26,72.4,0,0.761,50.3,20,0
S10153,18-20,Direct,2.85,0,0,3.4,0.754,18,68.1,0,0.786,75.1,60,1
S10154,18-20,Access,1.92,1,0,6.0,0.474,4,43.5,2,0.514,75.2,45,1
S10155,18-20,Direct,3.14,0,0,9.4,0.411,3,42.2,1,0.497,90.6,55,1
S10156,25+,Direct,3.63,1,1,14.5,0.899,19,,1,0.84,51.4,17,0
S10157,18-20,Access,2.27,0,0,13.4,0.775,22,54.1,0,0.966,88.9,54,1
S10158,18-20,Direct,1.93,0,0,18.1,0.585,9,33.4,0,0.538,42.8,18,0
S10159,25+,Direct,3.29,1,0,6.0,0.52,8,65.0,2,0.51,86.6,50,1
S10160,18-20,Direct,1.48,1,0,14.9,0.623,16,53.7,2,0.654,66.7,46,1
S10161,21-24,Transfer,2.14,0,0,8.1,0.946,29,83.2,2,1.0,63.6,51,1
S10162,25+,Direct,2.44,0,0,20.2,0.751,15,76.2,2,0.823,72.3,60,1
S10163,18-20,Transfer,2.29,1,1,8.3,0.497,7,61.3,1,0.512,35.7,14,0
S10164,21-24,Direct,1.59,0,1,34.9,0.411,5,42.0,1,0.323,26.3,24,0
S10165,21-24,Direct,2.05,1,0,9.3,0.806,21,56.7,0,0.952,71.2,47,1
S10166,21-24,Direct,3.52,0,1,10.1,0.761,12,74.5,1,0.784,92.2,60,1
S10167,21-24,Direct,1.67,0,0,8.0,0.566,10,55.0,3,0.54,29.7,18,0
S10168,18-20,Direct,3.06,1,1,10.1,0.664,16,77.7,3,0.762,79.4,48,1
S10169,18-20,Transfer,2.78,1,1,14.0,0.585,2,86.5,2,0.411,42.1,16,0
S10170,18-20,Transfer,2.26,1,1,6.2,0.651,17,,1,0.599,51.1,19,0
S10171,18-20,Direct,2.31,0,1,29.9,0.674,21,68.0,3,0.8,76.9,40,1
S10172,25+,Access,2.43,0,0,9.3,1.0,15,74.6,0,0.952,56.0,17,0
S10173,21-24,Direct,2.76,0,0,18.0,0.71,5,55.1,1,0.715,81.5,57,1
S10174,21-24,Direct,1.82,1,1,14.8,0.609,10,31.7,6,0.729,82.5,52,1
S10175,18-20,Access,2.47,1,1,23.9,0.668,11,73.0,0,0.645,42.5,19,0
S10176,18-20,Access,3.01,0,1,28.2,0.934,22,51.5,0,0.959,51.7,10,0
S10177,21-24,Direct,1.92,0,1,27.5,0.592,0,45.5,1,0.657,80.2,60,1
S10178,18-20,Direct,2.37,1,0,9.6,0.694,13,61.4,2,0.757,81.1,50,1
S10179,21-24,Direct,2.43,1,0,38.9,0.66,18,60.6,0,0.557,38.0,21,0
S10180,25+,Direct,1.94,1,1,3.3,0.696,12,64.2,0,0.649,44.2,11,0
S10181,21-24,Access,1.78,0,0,13.9,0.504,14,51.7,3,0.466,29.3,12,0
S10182,25+,Direct,2.02,0,0,4.9,0.987,18,65.6,1,0.894,37.8,15,0
S10183,25+,Direct,2.53,0,0,35.0,0.542,12,60.1,0,0.435,48.8,25,0
S10184,18-20,Direct,2.8,1,0,6.3,0.775,19,71.8,0,0.789,57.0,10,0
S10185,21-24,Direct,2.63,0,0,9.3,0.579,18,67.1,0,0.383,49.5,16,0
S10186,18-20,Access,2.71,0,0,12.6,0.797,17,51.1,2,0.748,40.9,14,0
S10187,21-24,Direct,1.23,0,0,14.6,0.816,17,68.8,0,0.798,35.2,13,0
S10188,21-24,Access,2.26,0,1,13.1,0.848,4,77.5,2,0.871,76.9,60,1
S10189,18-20,Direct,2.98,1,0,7.1,0.758,9,53.6,0,0.88,82.1,57,1
S10190,18-20,Direct,2.41,0,1,15.2,0.543,10,45.8,1,0.51,47.3,20,0
S10191,18-20,Direct,3.44,0,0,41.8,0.936,22,100.0,2,0.944,82.2,55,1
S10192,18-20,Direct,3.29,0,0,7.9,0.861,41,98.1,1,0.898,71.7,49,1
S10193,18-20,Direct,3.18,0,1,23.5,0.717,12,76.1,0,0.811,84.9,59,1
S10194,18-20,Direct,2.13,0,0,24.4,0.729,24,58.0,1,0.727,30.6,17,0
S10195,21-24,Transfer,2.55,1,0,26.0,0.925,28,71.9,1,0.835,51.2,20,0
S10196,21-24,Direct,2.51,0,1,5.9,0.765,16,49.0,1,0.68,52.1,20,0
S10197,25+,Transfer,3.11,0,1,3.7,0.764,26,60.7,1,0.825,81.6,57,1
S10198,18-20,Direct,2.61,0,0,2.4,0.914,24,71.8,0,0.818,45.8,20,0
S10199,21-24,Direct,3.48,0,0,8.2,0.821,14,,0,0.937,83.0,60,1
S10200,18-20,Direct,3.46,0,1,19.0,0.887,18,80.2,0,0.982,75.0,57,1
S10201,18-20,Transfer,2.17,0,1,4.0,0.67,16,53.7,0,0.532,38.5,13,0
S10202,18-20,Direct,1.47,0,1,26.8,0.531,24,65.6,1,0.65,69.1,48,1
S10203,18-20,Transfer,1.76,0,1,15.3,0.521,10,24.0,1,0.43,56.9,12,0
S10204,18-20,Direct,3.41,0,0,7.3,1.0,15,85.9,0,1.0,73.9,60,1
S10205,18-20,Direct,2.49,1,1,29.6,0.867,19,62.9,1,1.0,72.9,57,1
S10206,18-20,Direct,1.79,0,0,36.9,0.457,11,13.7,1,0.373,39.4,14,0
S10207,18-20,Direct,2.63,0,0,26.6,0.626,0,48.1,0,0.643,56.9,30,0
S10208,18-20,Access,4.0,0,0,8.3,0.425,15,82.5,2,0.495,75.5,60,1
S10209,25+,Direct,3.21,0,1,42.7,0.82,5,51.0,0,0.86,72.3,57,1
S10210,25+,Transfer,2.25,1,1,16.3,1.0,15,81.8,2,1.0,81.0,57,1
S10211,21-24,Direct,2.28,0,0,30.0,0.641,15,65.6,2,0.515,46.9,20,0
S10212,18-20,Direct,2.66,1,1,12.6,0.664,12,57.1,0,0.687,88.4,60,1
S10213,21-24,Direct,2.79,0,1,7.2,0.952,17,81.3,0,0.901,45.6,20,0
S10214,18-20,Direct,2.41,0,0,3.1,0.594,27,51.0,0,0.802,67.8,59,1
S10215,18-20,Direct,2.99,0,1,21.2,0.668,22,73.8,0,0.521,47.3,19,0
S10216,21-24,Direct,3.34,0,1,41.1,0.879,11,56.9,1,0.782,51.8,16,0
S10217,18-20,Direct,2.93,1,1,41.8,0.858,23,97.0,2,0.726,49.0,18,0
S10218,18-20,Direct,,0,1,20.3,0.679,22,37.5,0,0.641,37.1,23,0
S10219,18-20,Transfer,2.08,0,1,8.0,0.783,23,,2,0.828,68.1,60,1
S10220,18-20,Access,3.57,0,0,9.1,0.626,10,51.1,3,0.659,88.5,59,1
S10221,18-20,Access,,1,0,20.2,0.745,22,55.1,0,0.712,72.4,50,1
S10222,21-24,Transfer,2.34,0,0,18.1,0.467,6,53.4,0,0.412,41.0,23,0
S10223,18-20,Direct,3.07,0,0,16.8,0.679,23,79.1,0,0.644,43.3,17,0
S10224,18-20,Direct,2.08,0,1,14.7,0.775,16,71.0,0,0.738,39.1,20,0
S10225,21-24,Transfer,2.6,1,1,6.6,0.702,11,56.9,1,0.62,32.5,15,0
S10226,21-24,Direct,3.22,1,0,39.5,0.975,22,69.1,0,1.0,83.3,55,1
S10227,21-24,Direct,1.89,1,0,6.4,0.709,9,,1,0.769,83.3,56,1
S10228,21-24,Direct,2.64,0,0,7.7,0.853,20,52.5,1,0.799,47.7,20,0
S10229,18-20,Access,2.91,0,0,36.3,0.673,22,58.2,2,0.637,57.3,21,0
S10230,18-20,Direct,2.18,0,1,6.2,0.548,12,50.3,0,0.443,45.5,14,0
S10231,21-24,Transfer,2.0,0,0,11.6,0.776,20,78.9,0,0.813,58.8,48,1
S10232,25+,Direct,2.63,1,0,7.2,0.674,10,65.4,3,0.742,74.4,58,1
S10233,21-24,Access,,0,0,3.2,0.82,23,100.0,2,0.746,46.4,20,0
S10234,21-24,Direct,3.15,0,1,6.0,0.79,11,53.1,1,0.812,89.7,60,1
S10235,18-20,Transfer,2.07,0,0,20.4,0.815,14,,0,0.792,74.1,60,1
S10236,25+,Direct,1.63,0,1,34.4,0.956,13,63.7,1,0.962,69.4,46,1
S10237,21-24,Direct,2.29,0,0,0.5,0.782,20,60.0,0,0.564,52.1,11,0
S10238,18-20,Transfer,2.82,0,0,4.2,1.0,16,91.8,0,1.0,81.6,46,1
S10239,21-24,Access,1.83,1,0,31.9,0.522,6,40.1,2,0.498,40.8,20,0
S10240,18-20,Direct,1.69,0,1,5.4,0.706,12,65.9,1,0.816,70.5,52,1
S10241,18-20,Direct,2.71,0,1,41.3,0.777,23,62.8,0,0.944,66.0,47,1
S10242,18-20,Access,2.98,1,0,8.7,0.936,20,53.9,0,0.817,54.8,17,0
S10243,18-20,Access,2.24,0,0,9.9,0.743,12,65.7,1,0.861,84.4,50,1
S10244,25+,Transfer,2.32,0,0,33.5,0.934,22,62.0,0,1.0,75.9,54,1
S10245,21-24,Direct,1.69,0,1,23.5,0.802,16,59.4,0,0.948,80.4,51,1
S10246,21-24,Transfer,2.97,1,0,23.7,0.512,18,71.8,0,0.437,51.2,22,0
S10247,21-24,Direct,2.16,1,0,,0.73,9,53.3,2,0.809,80.9,56,1
S10248,25+,Direct,2.7,0,0,3.2,0.625,19,64.6,0,0.505,54.8,20,0
S10249,25+,Access,2.76,0,0,10.6,0.593,14,55.2,0,0.591,56.3,16,0
S10250,18-20,Direct,2.57,0,1,,0.699,20,70.1,2,0.766,67.8,53,1
S10251,18-20,Direct,2.58,1,1,6.4,0.662,11,61.8,1,0.61,54.5,20,0
S10252,18-20,Access,,0,0,16.3,1.0,23,100.0,0,1.0,84.1,56,1
S10253,18-20,Direct,2.03,0,0,17.9,0.799,18,59.8,2,0.741,42.2,16,0
S10254,21-24,Direct,3.12,1,1,6.8,0.909,23,37.6,2,0.814,57.7,20,0
S10255,18-20,Direct,2.75,0,0,48.3,0.42,11,48.2,1,0.416,39.2,26,0
S10256,18-20,Transfer,2.65,0,0,14.1,0.729,14,73.9,2,0.802,77.0,59,1
S10257,18-20,Direct,2.69,0,1,31.6,0.821,14,66.4,1,0.836,88.8,55,1
S10258,18-20,Access,3.49,0,0,23.5,0.818,29,74.7,1,0.7,47.8,21,0
S10259,21-24,Direct,2.28,1,0,18.2,0.736,23,69.4,1,0.645,35.5,28,0
S10260,25+,Direct,2.67,1,0,9.7,0.885,21,67.5,2,0.98,82.0,53,1
S10261,21-24,Direct,3.46,0,1,25.4,0.605,10,62.0,2,0.789,79.4,58,1
S10262,25+,Transfer,2.0,0,0,41.5,0.674,10,52.1,0,0.569,45.7,11,0
S10263,18-20,Direct,1.51,1,0,34.4,0.771,17,48.0,1,0.621,32.3,9,0
S10264,18-20,Direct,2.72,0,0,42.6,0.675,17,62.4,0,0.685,72.5,52,1
S10265,21-24,Direct,3.14,1,0,21.6,0.678,11,66.3,3,0.644,53.7,20,0
S10266,25+,Direct,,0,1,3.1,0.745,17,69.2,0,0.682,56.6,26,0
S10267,18-20,Direct,3.0,0,0,5.1,0.806,28,44.7,0,0.867,80.7,50,1
S10268,18-20,Access,2.93,0,0,11.0,0.919,23,84.9,1,1.0,76.8,50,1
S10269,18-20,Direct,2.01,1,1,23.8,0.787,28,64.2,1,0.674,39.7,16,0
S10270,18-20,Direct,2.38,0,1,23.6,0.969,23,67.6,1,1.0,80.8,47,1
S10271,18-20,Access,1.54,0,0,5.2,0.909,29,60.5,2,0.827,40.7,18,0
S10272,18-20,Direct,1.99,0,1,9.7,0.481,6,57.4,0,0.389,29.2,24,0
S10273,18-20,Direct,2.27,1,0,15.8,0.701,12,76.7,1,0.582,44.0,19,0
S10274,18-20,Direct,1.76,0,0,9.0,0.771,9,54.2,1,0.799,65.8,52,1
S10275,21-24,Direct,2.68,1,0,6.8,0.721,20,80.2,3,0.699,60.2,20,0
S10276,25+,Direct,2.69,0,0,22.8,0.909,16,58.3,2,0.973,92.0,59,1
S10277,25+,Direct,2.71,1,1,9.0,0.641,12,70.0,1,0.603,40.6,24,0
S10278,18-20,Access,2.19,1,0,5.9,0.476,17,,0,0.638,79.7,49,1
S10279,18-20,Direct,3.07,1,0,2.8,0.554,20,76.8,3,0.65,74.1,53,1
S10280,18-20,Direct,3.28,0,0,4.9,0.715,13,71.6,0,0.862,88.2,50,1
S10281,25+,Direct,2.17,0,0,6.8,0.694,16,59.3,0,0.764,84.0,59,1
S10282,18-20,Direct,2.89,0,1,14.3,0.756,14,38.1,3,0.654,49.4,17,0
S10283,21-24,Direct,2.87,1,0,46.3,0.878,23,60.7,1,1.0,83.8,55,1
S10284,18-20,Transfer,,0,0,33.6,0.821,16,75.7,1,0.905,85.2,57,1
S10285,18-20,Direct,2.62,1,0,33.8,0.684,12,57.4,1,0.753,66.7,58,1
S10286,18-20,Access,2.17,1,0,10.4,0.602,0,40.2,2,0.495,45.6,17,0
S10287,18-20,Direct,2.17,0,0,16.2,0.701,16,69.2,2,0.796,81.2,56,1
S10288,18-20,Direct,2.32,1,0,56.8,0.781,21,54.8,3,0.723,34.9,20,0
S10289,18-20,Direct,,1,1,9.2,0.605,13,62.8,3,0.587,84.4,48,1
S10290,18-20,Transfer,2.6,0,1,14.1,0.726,15,64.2,0,0.807,75.0,52,1
S10291,25+,Transfer,1.93,0,0,9.5,0.867,24,48.9,1,0.839,42.4,13,0
S10292,18-20,Direct,2.58,0,0,12.1,0.746,23,76.4,0,0.682,40.3,22,0
S10293,25+,Transfer,2.16,0,0,16.9,0.575,15,48.7,3,0.667,80.8,54,1
S10294,18-20,Direct,3.48,0,0,19.1,0.892,24,74.3,0,0.996,94.1,56,1
S10295,25+,Direct,1.98,0,0,5.1,0.631,16,58.8,1,0.485,43.8,23,0
S10296,18-20,Transfer,2.15,0,0,10.0,0.704,24,73.9,0,0.706,45.1,13,0
S10297,18-20,Direct,3.37,0,0,10.4,0.874,24,78.3,2,0.911,99.4,50,1
S10298,18-20,Access,3.26,0,1,24.2,0.563,10,31.4,1,0.516,44.1,29,0
S10299,18-20,Direct,3.46,0,0,54.5,1.0,21,100.0,0,1.0,79.7,55,1
S10300,18-20,Direct,3.19,0,0,7.3,0.739,21,64.5,1,0.754,73.3,47,1
S10301,18-20,Transfer,2.53,0,1,9.7,0.679,9,62.4,0,0.634,53.1,19,0
S10302,25+,Direct,2.53,0,0,4.2,0.793,26,82.9,1,0.719,38.2,12,0
S10303,18-20,Direct,3.21,1,1,22.9,0.744,13,52.6,1,0.667,60.1,11,0
S10304,18-20,Direct,2.54,1,0,9.4,0.901,17,53.4,4,0.93,78.3,52,1
S10305,25+,Direct,1.82,1,0,13.2,0.597,18,56.0,0,0.726,71.1,55,1
S10306,18-20,Direct,2.32,0,1,12.0,0.925,31,75.7,0,1.0,82.2,57,1
S10307,21-24,Direct,2.18,1,1,8.7,0.716,9,51.0,2,0.85,72.3,56,1
S10308,18-20,Direct,3.59,0,1,36.1,0.634,1,41.9,2,0.597,50.7,27,0
S10309,18-20,Direct,3.42,0,0,14.4,0.849,19,77.9,0,0.737,53.5,19,0
S10310,18-20,Access,2.44,0,1,2.5,0.44,15,39.6,0,0.321,47.1,21,0
S10311,21-24,Direct,,1,1,35.6,0.515,4,62.8,1,0.609,76.9,60,1
S10312,18-20,Transfer,2.66,1,0,33.1,0.395,9,63.1,1,0.604,81.5,60,1
S10313,18-20,Direct,3.83,1,1,9.9,0.59,7,70.7,2,0.773,84.4,60,1
S10314,21-24,Transfer,2.48,0,0,5.9,0.755,14,50.9,2,0.715,37.4,25,0
S10315,18-20,Direct,2.77,1,0,9.0,0.766,19,72.1,1,0.688,45.6,11,0
S10316,18-20,Direct,2.04,0,0,29.6,0.267,0,42.1,1,0.203,44.7,12,0
S10317,18-20,Direct,3.19,0,1,8.2,1.0,24,79.6,1,1.0,65.8,57,1
S10318,18-20,Direct,2.07,1,0,10.9,0.58,27,51.8,4,0.545,52.6,28,0
S10319,18-20,Direct,2.75,0,0,23.2,0.755,21,52.8,0,0.767,70.8,50,1
S10320,18-20,Direct,2.25,1,1,31.9,0.661,25,58.4,0,0.721,81.8,44,1
S10321,18-20,Direct,2.87,1,1,,0.742,8,63.5,2,0.826,77.7,51,1
S10322,25+,Access,2.5,0,1,17.1,0.367,11,42.6,1,0.241,48.6,21,0
S10323,18-20,Direct,3.34,1,1,15.9,0.646,25,76.9,3,0.802,80.9,60,1
S10324,18-20,Direct,2.43,0,0,10.7,0.728,18,70.8,0,0.824,80.5,60,1
S10325,21-24,Direct,2.93,0,0,22.0,0.692,9,53.6,1,0.766,72.1,56,1
S10326,18-20,Transfer,2.55,1,1,1.2,0.265,0,48.2,3,0.272,50.2,19,0
S10327,21-24,Direct,2.78,1,0,18.0,0.665,17,60.3,1,0.548,50.5,19,0
S10328,18-20,Direct,3.11,0,0,2.4,0.692,4,59.9,1,0.597,43.5,33,0
S10329,25+,Transfer,1.55,0,0,8.2,0.912,29,35.8,1,0.919,43.0,19,0
S10330,18-20,Direct,3.32,0,1,37.9,0.603,15,48.6,1,0.534,49.7,23,0
S10331,21-24,Transfer,,1,0,34.2,0.499,11,43.4,2,0.475,51.4,19,0
S10332,21-24,Transfer,2.58,1,0,19.7,0.904,22,61.9,3,0.762,51.6,15,0
S10333,21-24,Direct,3.08,0,1,6.2,0.931,17,86.8,2,0.957,86.1,60,1
S10334,18-20,Direct,3.04,0,0,29.3,0.618,15,78.3,0,0.626,51.0,19,0
S10335,25+,Direct,2.97,0,1,62.3,0.858,12,58.4,3,0.931,73.6,57,1
S10336,21-24,Transfer,2.86,0,1,16.1,0.592,22,40.3,3,0.522,53.0,27,0
S10337,18-20,Direct,2.68,0,1,6.4,1.0,15,63.3,0,1.0,80.1,49,1
S10338,18-20,Access,3.53,0,1,15.5,0.621,11,62.1,1,0.522,45.2,23,0
S10339,21-24,Direct,3.73,0,0,8.5,0.713,18,62.1,1,0.737,78.6,60,1
S10340,18-20,Transfer,2.79,0,0,25.8,0.724,11,70.5,1,0.674,47.0,25,0
S10341,18-20,Transfer,3.77,1,0,1.9,0.739,14,78.5,2,0.91,83.9,60,1
S10342,21-24,Access,3.47,0,0,6.8,0.828,15,80.4,0,0.894,85.2,56,1
S10343,18-20,Direct,1.7,0,0,19.1,0.711,11,63.8,1,0.676,38.7,6,0
S10344,18-20,Transfer,2.15,0,1,18.4,0.679,14,66.5,3,0.579,41.6,16,0
S10345,25+,Transfer,2.98,0,1,6.2,0.373,0,38.1,1,0.281,49.8,16,0
S10346,21-24,Access,2.43,0,1,16.3,0.591,13,49.7,2,0.482,37.4,21,0
S10347,18-20,Transfer,3.08,0,0,22.1,0.809,14,68.6,1,0.859,86.6,46,1
S10348,18-20,Direct,3.25,1,1,12.6,1.0,24,88.0,2,1.0,54.5,22,0
S10349,21-24,Transfer,3.33,0,1,,0.384,0,26.9,4,0.345,76.1,60,1
S10350,18-20,Access,3.34,1,0,3.0,0.933,31,,0,1.0,77.5,44,1
S10351,18-20,Direct,2.86,0,0,24.8,0.852,26,80.2,0,0.781,39.1,30,0
S10352,18-20,Direct,3.07,1,1,32.5,0.817,18,51.8,1,0.939,89.1,52,1
S10353,18-20,Direct,2.49,0,0,13.1,0.797,8,67.3,0,0.769,43.0,10,0
S10354,18-20,Direct,2.49,1,0,1.5,0.748,17,60.0,0,0.684,41.5,16,0
S10355,25+,Direct,2.67,0,0,24.6,0.732,19,76.6,1,0.636,39.0,17,0
S10356,25+,Transfer,2.97,0,1,2.9,0.725,18,94.8,2,0.814,84.8,60,1
S10357,21-24,Transfer,2.32,0,0,,0.794,16,55.3,0,0.835,66.1,59,1
S10358,21-24,Transfer,2.8,1,0,18.7,0.943,25,58.4,3,0.937,53.4,19,0
S10359,21-24,Direct,3.07,0,1,8.1,0.787,26,79.9,1,0.853,94.8,53,1
S10360,25+,Direct,2.25,0,1,11.7,0.712,20,45.6,0,0.719,56.2,17,0
S10361,25+,Transfer,2.4,0,0,15.3,0.607,12,,0,0.49,44.9,22,0
S10362,18-20,Direct,2.66,1,0,10.5,0.577,15,52.4,1,0.668,86.5,60,1
S10363,21-24,Direct,2.82,0,0,24.9,0.612,19,64.1,0,0.541,51.6,19,0
S10364,21-24,Direct,,0,1,6.2,0.59,7,42.9,0,0.692,74.2,60,1
S10365,25+,Transfer,1.69,0,1,5.4,0.644,8,55.8,4,0.707,69.7,55,1
S10366,18-20,Direct,2.66,0,1,14.5,0.916,29,93.6,0,0.961,85.7,60,1
S10367,18-20,Transfer,2.5,0,1,8.7,0.528,21,51.1,4,0.517,41.6,19,0
S10368,21-24,Access,2.77,0,1,2.9,0.846,19,67.1,0,1.0,73.3,55,1
S10369,18-20,Direct,2.69,1,0,10.3,0.582,18,50.1,1,0.648,71.1,59,1
S10370,18-20,Direct,1.92,1,1,6.8,0.744,8,69.3,1,0.754,52.6,16,0
S10371,18-20,Access,2.24,1,1,14.7,0.533,16,53.8,2,0.433,48.6,13,0
S10372,21-24,Direct,2.67,0,1,,0.629,18,73.4,3,0.791,87.0,56,1
S10373,18-20,Direct,2.26,0,1,6.5,0.759,14,48.5,0,0.689,37.9,19,0
S10374,18-20,Direct,2.28,1,0,9.5,0.34,2,33.8,2,0.246,35.5,17,0
S10375,21-24,Direct,3.46,1,1,14.2,0.78,10,71.3,3,0.958,100.0,60,1
S10376,21-24,Direct,2.04,0,0,2.3,0.69,17,54.2,1,0.707,45.5,19,0
S10377,21-24,Access,2.08,0,0,12.1,0.676,12,51.9,1,0.593,48.5,22,0
S10378,25+,Transfer,3.35,1,0,22.1,0.747,9,70.3,1,0.672,68.9,22,0
S10379,18-20,Direct,,0,0,24.2,0.478,15,63.7,0,0.423,41.7,21,0
S10380,25+,Direct,2.04,1,1,6.7,0.821,17,56.7,0,0.712,35.9,16,0
S10381,18-20,Direct,2.13,1,1,10.5,0.684,9,41.2,3,0.654,40.4,15,0
S10382,21-24,Direct,2.07,0,0,7.0,0.751,17,84.4,0,0.743,47.8,15,0
S10383,21-24,Direct,1.71,0,0,,1.0,31,83.8,0,1.0,65.9,41,1
S10384,21-24,Direct,3.78,0,0,26.8,0.713,10,56.4,1,0.669,63.3,23,0
S10385,21-24,Direct,2.54,1,0,7.9,0.756,13,80.7,1,0.832,83.5,55,1
S10386,25+,Direct,3.26,0,1,7.8,0.726,11,61.3,0,0.805,82.9,60,1
S10387,21-24,Direct,2.5,0,0,10.1,0.825,26,78.1,0,0.961,85.6,59,1
S10388,21-24,Direct,3.53,0,0,21.7,0.66,18,,3,0.729,82.7,54,1
S10389,25+,Direct,2.44,0,1,32.1,0.814,16,44.0,0,0.689,45.0,12,0
S10390,18-20,Transfer,2.03,0,0,19.2,0.78,22,55.2,0,0.832,78.0,48,1
S10391,18-20,Direct,2.76,0,0,22.6,0.628,10,,0,0.691,72.9,40,1
S10392,21-24,Direct,1.74,1,1,9.5,0.608,10,49.6,4,0.427,37.7,13,0
S10393,18-20,Direct,1.74,0,1,38.7,0.816,28,100.0,0,0.727,40.9,15,0
S10394,25+,Access,2.62,0,0,5.4,0.73,19,64.1,1,0.602,37.6,23,0
S10395,18-20,Direct,2.32,0,1,29.4,0.83,22,88.3,1,0.755,60.8,22,0
S10396,18-20,Direct,2.24,0,0,11.9,0.771,12,52.9,0,0.727,50.3,16,0
S10397,18-20,Direct,1.19,0,1,18.0,0.619,10,49.2,1,0.759,65.2,47,1
S10398,18-20,Direct,2.63,0,1,14.8,0.592,1,,1,0.499,53.3,32,0
S10399,18-20,Direct,3.15,1,1,23.5,0.665,16,70.2,0,0.552,59.5,13,0
S10400,18-20,Direct,2.79,0,0,12.3,0.665,5,45.4,2,0.6,47.8,15,0
S10401,18-20,Direct,1.55,1,0,3.6,0.878,19,72.8,1,0.901,82.3,55,1
S10402,25+,Direct,3.5,0,1,5.9,0.861,17,85.8,1,1.0,88.9,43,1
S10403,21-24,Direct,1.89,0,0,14.0,0.689,14,84.7,1,0.758,69.3,50,1
S10404,18-20,Direct,2.45,0,0,11.9,0.668,15,81.2,0,0.575,44.2,20,0
S10405,18-20,Direct,2.32,0,0,10.4,0.706,14,46.6,2,0.76,67.3,50,1
S10406,21-24,Direct,2.26,0,0,21.1,0.743,4,69.6,2,0.867,80.8,51,1
S10407,21-24,Access,2.25,1,0,16.2,0.688,13,47.5,1,0.657,39.9,29,0
S10408,21-24,Direct,2.84,0,0,15.6,0.677,12,68.1,1,0.637,84.5,60,1
S10409,18-20,Direct,2.91,0,1,14.9,0.782,20,68.7,1,0.825,89.9,60,1
S10410,25+,Direct,4.0,1,1,14.4,0.7,15,83.6,0,0.874,92.6,60,1
S10411,18-20,Direct,3.38,0,1,10.7,0.722,25,70.6,1,0.827,78.1,51,1
S10412,18-20,Direct,3.55,0,0,35.7,0.569,3,51.7,0,0.601,93.3,57,1
S10413,21-24,Direct,2.95,1,0,4.6,0.848,15,57.7,0,0.786,59.0,15,0
S10414,18-20,Direct,2.4,0,1,21.4,0.732,19,51.4,0,0.569,43.7,14,0
S10415,18-20,Direct,2.84,0,0,27.8,0.893,28,87.3,1,0.862,59.0,24,0
S10416,18-20,Direct,2.62,1,1,19.8,0.807,17,85.4,0,0.821,71.7,58,1
S10417,18-20,Direct,3.41,1,0,11.1,0.442,0,,0,0.453,58.6,24,0
S10418,18-20,Transfer,2.93,0,0,17.5,0.989,33,79.1,0,1.0,81.6,55,1
S10419,25+,Access,1.95,0,0,16.5,0.695,19,82.5,1,0.603,46.8,10,0
S10420,25+,Direct,3.22,0,1,7.8,0.626,12,52.8,3,0.737,76.4,59,1
S10421,18-20,Access,2.35,0,1,5.1,0.947,26,72.2,1,0.798,31.4,22,0
S10422,21-24,Direct,2.18,1,1,12.5,0.665,8,54.4,1,0.712,65.8,55,1
S10423,25+,Direct,2.37,1,1,32.4,0.819,17,51.1,1,0.769,47.5,12,0
S10424,25+,Direct,2.28,0,1,15.9,0.906,25,58.5,0,1.0,70.0,51,1
S10425,18-20,Direct,,0,1,7.8,0.779,17,69.7,1,0.762,52.3,11,0
S10426,21-24,Access,2.29,1,1,7.1,0.665,3,67.4,1,0.567,49.0,19,0
S10427,18-20,Direct,2.67,1,1,31.5,0.488,12,64.1,0,0.556,70.0,55,1
S10428,18-20,Access,2.37,1,0,12.2,0.94,33,77.1,0,1.0,72.9,45,1
S10429,18-20,Direct,1.29,0,0,14.3,0.565,21,57.5,0,0.472,26.6,20,0
S10430,21-24,Direct,2.72,1,0,12.9,0.675,14,73.9,0,0.802,74.6,51,1
S10431,18-20,Access,3.29,0,1,27.4,0.583,19,60.7,1,0.69,87.2,52,1
S10432,18-20,Transfer,3.26,1,0,17.4,0.824,18,90.5,1,0.913,83.2,60,1
S10433,18-20,Direct,2.25,0,0,31.9,0.792,21,80.1,0,0.842,78.2,52,1
S10434,18-20,Direct,2.68,0,1,15.9,0.638,17,64.6,0,0.401,50.7,10,0
S10435,21-24,Direct,2.3,1,0,15.9,0.518,4,61.2,2,0.588,78.4,52,1
S10436,21-24,Direct,3.41,1,0,9.9,0.909,15,94.0,2,0.975,96.7,60,1
S10437,21-24,Direct,3.36,0,0,11.3,0.51,1,36.9,1,0.469,47.0,19,0
S10438,21-24,Direct,3.94,0,0,4.7,0.763,26,60.4,1,0.85,95.8,60,1
S10439,18-20,Direct,2.81,1,0,29.9,0.663,24,65.2,3,0.513,44.6,12,0
S10440,25+,Direct,2.6,1,0,24.9,0.679,15,65.1,1,0.683,77.0,46,1
S10441,18-20,Direct,4.0,0,1,8.9,0.756,23,92.1,1,0.726,91.1,60,1
S10442,18-20,Direct,2.71,0,1,13.7,1.0,32,97.3,1,1.0,100.0,52,1
S10443,18-20,Transfer,2.78,0,0,17.3,0.917,11,58.8,2,0.824,49.8,17,0
S10444,21-24,Direct,2.06,1,0,6.1,0.643,12,46.4,3,0.54,38.9,21,0
S10445,18-20,Direct,1.96,0,1,34.9,0.827,19,51.6,1,0.874,70.8,47,1
S10446,18-20,Transfer,3.06,1,1,30.7,0.877,22,56.8,4,0.936,66.3,56,1
S10447,21-24,Access,2.98,0,0,17.2,0.851,19,76.0,0,0.857,52.0,9,0
S10448,25+,Direct,2.05,1,0,8.9,0.352,0,50.9,3,0.253,35.5,23,0
S10449,18-20,Transfer,2.02,1,1,7.7,0.515,8,43.0,4,0.458,46.7,14,0
S10450,21-24,Transfer,2.4,1,1,19.1,0.692,12,81.7,0,0.554,36.3,10,0
S10451,18-20,Direct,2.14,0,0,33.7,0.732,14,60.7,3,0.67,42.9,19,0
S10452,18-20,Access,2.01,0,0,26.3,0.799,23,84.1,2,0.924,74.4,56,1
S10453,18-20,Access,3.17,1,1,32.6,0.332,8,50.2,3,0.292,50.0,16,0
S10454,21-24,Direct,2.22,0,1,30.1,0.58,1,60.3,2,0.416,53.2,16,0
S10455,18-20,Direct,2.13,1,0,4.6,0.802,22,63.7,2,0.802,43.5,17,0
S10456,18-20,Direct,3.41,0,0,17.4,0.784,8,64.1,0,0.669,44.0,29,0
S10457,18-20,Direct,3.21,0,1,5.8,0.855,19,100.0,2,0.938,78.0,60,1
S10458,18-20,Transfer,1.65,0,0,12.3,0.465,10,44.7,1,0.467,43.2,20,0
S10459,21-24,Transfer,2.22,0,0,20.8,0.965,27,84.0,0,1.0,82.3,59,1
S10460,25+,Direct,2.83,0,0,16.7,0.888,29,72.3,1,0.952,72.7,46,1
S10461,18-20,Direct,2.78,1,0,7.1,0.782,14,96.7,1,0.843,85.7,52,1
S10462,21-24,Direct,2.59,0,1,6.2,0.591,11,38.4,2,0.549,60.4,10,0
S10463,18-20,Transfer,3.35,1,0,4.9,1.0,19,91.1,1,0.903,54.1,27,0
S10464,18-20,Access,2.33,0,0,22.1,0.77,29,84.7,1,0.603,33.1,20,0
S10465,18-20,Transfer,3.03,1,0,10.3,0.783,18,81.2,1,0.787,91.8,52,1
S10466,18-20,Direct,1.99,1,0,16.2,0.682,18,54.1,2,0.614,39.8,17,0
S10467,21-24,Direct,2.41,1,1,11.3,0.793,27,66.7,1,0.926,79.1,60,1
S10468,21-24,Access,1.93,0,0,29.8,0.88,22,,2,1.0,59.7,57,1
S10469,18-20,Direct,2.56,0,0,17.2,0.844,24,60.4,0,0.945,81.7,53,1
S10470,21-24,Transfer,3.83,0,1,11.5,0.704,17,,1,0.757,90.0,60,1
S10471,21-24,Direct,2.47,0,0,8.8,0.66,14,,1,0.68,68.0,46,1
S10472,18-20,Transfer,2.59,0,0,21.0,0.828,27,61.3,0,0.856,81.8,52,1
S10473,18-20,Direct,1.79,1,0,5.0,0.766,10,53.3,1,0.685,42.1,12,0
S10474,21-24,Direct,2.57,1,1,3.8,0.326,0,34.1,4,0.301,46.1,15,0
S10475,21-24,Transfer,1.78,0,0,19.0,0.315,8,51.1,0,0.234,37.4,3,0
S10476,25+,Direct,2.94,1,1,10.8,0.938,24,73.9,1,1.0,83.9,60,1
S10477,18-20,Direct,2.67,1,0,25.8,0.738,19,66.9,1,0.8,84.0,54,1
S10478,21-24,Direct,1.74,1,0,24.8,0.789,21,61.1,2,0.768,65.0,45,1
S10479,18-20,Direct,2.4,0,0,12.3,0.682,6,,1,0.575,41.4,10,0
S10480,25+,Direct,3.59,1,0,33.9,0.634,10,87.1,1,0.763,76.3,49,1
S10481,25+,Direct,2.27,1,1,3.9,0.877,24,79.3,1,0.944,74.9,54,1
S10482,18-20,Direct,2.84,0,0,14.7,0.847,20,71.6,0,0.963,87.5,60,1
S10483,18-20,Direct,2.25,0,1,16.3,0.753,28,44.0,1,0.861,70.5,44,1
S10484,21-24,Direct,1.41,0,1,18.7,0.695,13,47.7,0,0.61,34.0,8,0
S10485,21-24,Access,2.76,1,1,13.7,0.704,17,,1,0.531,44.1,22,0
S10486,25+,Direct,2.19,0,1,47.8,0.429,1,31.0,0,0.504,73.7,53,1
S10487,25+,Direct,2.9,0,1,21.3,0.74,11,46.4,1,0.818,85.2,56,1
S10488,21-24,Transfer,2.64,1,0,6.1,0.551,15,62.8,0,0.517,42.0,18,0
S10489,18-20,Transfer,1.26,1,0,49.8,0.629,8,62.2,4,0.621,82.4,50,1
S10490,21-24,Direct,1.58,1,1,8.5,0.769,26,82.2,0,0.632,45.7,15,0
S10491,18-20,Transfer,2.02,1,1,16.2,0.815,20,77.6,3,0.885,79.8,54,1
S10492,18-20,Direct,2.52,0,0,65.8,0.637,25,50.2,2,0.724,82.1,55,1
S10493,18-20,Direct,2.77,0,1,17.9,0.429,16,34.8,0,0.379,55.0,18,0
S10494,25+,Transfer,2.88,0,0,41.4,0.937,10,64.8,1,0.952,80.0,59,1
S10495,18-20,Transfer,2.67,0,1,43.2,0.937,24,76.5,1,1.0,72.5,49,1
S10496,25+,Direct,3.73,0,0,41.5,0.821,20,90.4,1,0.804,56.0,26,0
S10497,21-24,Direct,1.91,0,1,9.1,0.745,14,54.5,3,0.715,30.8,12,0
S10498,25+,Direct,2.58,0,0,7.1,0.759,17,85.8,1,0.661,47.4,17,0
S10499,21-24,Direct,3.09,1,0,6.9,0.717,19,57.4,1,0.747,87.7,56,1
S10500,25+,Direct,3.91,0,0,9.1,0.808,30,87.8,0,0.882,90.6,60,1
S10501,18-20,Direct,2.67,1,1,34.3,0.804,19,82.6,1,0.678,49.7,18,0
S10502,18-20,Direct,3.39,0,0,5.4,0.643,16,60.0,2,0.8,85.9,53,1
S10503,18-20,Access,2.83,0,0,5.7,0.425,15,44.7,1,0.462,74.0,54,1
S10504,21-24,Direct,2.78,0,0,7.6,0.786,19,71.3,2,0.807,72.5,56,1
S10505,18-20,Direct,2.06,1,0,7.7,0.721,7,68.7,1,0.584,35.8,19,0
S10506,21-24,Direct,3.26,0,0,14.6,0.567,20,74.5,2,0.461,53.7,20,0
S10507,21-24,Transfer,2.97,0,1,8.4,0.737,17,77.8,0,0.805,82.0,50,1
S10508,25+,Direct,3.59,0,1,15.4,0.78,27,71.1,0,0.863,85.6,60,1
S10509,18-20,Transfer,2.6,0,1,20.2,0.555,10,62.3,1,0.455,33.9,25,0
S10510,18-20,Direct,3.02,0,0,17.4,0.748,6,69.6,0,0.704,53.9,20,0
S10511,18-20,Transfer,3.04,0,1,0.5,0.755,20,76.1,0,0.775,85.5,55,1
S10512,21-24,Direct,2.1,1,0,3.9,0.535,8,46.1,2,0.512,40.1,18,0
S10513,18-20,Direct,1.9,1,0,38.8,0.741,25,76.7,1,0.708,36.5,20,0
S10514,25+,Direct,3.52,0,1,20.0,0.698,15,72.6,0,0.791,78.4,54,1
S10515,21-24,Direct,2.65,1,0,13.1,1.0,21,,0,1.0,82.5,57,1
S10516,18-20,Transfer,2.78,1,1,14.1,0.701,18,80.7,1,0.753,92.1,50,1
S10517,21-24,Access,2.79,1,0,4.0,0.699,20,65.2,2,0.712,78.4,59,1
S10518,18-20,Direct,2.15,1,1,12.9,0.895,16,,2,0.802,51.5,11,0
S10519,18-20,Direct,3.27,0,1,11.7,0.439,0,,1,0.447,52.6,19,0
S10520,18-20,Direct,2.23,0,1,20.4,0.749,30,,0,0.847,76.5,58,1
S10521,18-20,Transfer,1.7,0,1,37.5,0.57,15,63.6,0,0.525,45.5,8,0
S10522,21-24,Direct,2.68,0,1,6.5,0.763,26,73.1,0,0.747,79.7,56,1
S10523,18-20,Direct,3.39,0,1,20.9,0.555,15,48.9,3,0.471,57.1,19,0
S10524,18-20,Transfer,2.54,0,0,14.7,0.808,21,71.1,1,0.858,71.7,48,1
S10525,18-20,Direct,1.82,1,0,23.5,0.722,17,53.6,1,0.718,39.7,14,0
S10526,18-20,Direct,2.66,0,1,8.5,0.829,22,71.6,2,0.735,46.6,14,0
S10527,21-24,Direct,2.29,0,0,33.1,0.424,1,22.5,0,0.381,36.5,16,0
S10528,21-24,Direct,1.92,0,1,,0.793,21,67.1,0,0.673,42.7,21,0
S10529,18-20,Direct,3.42,1,1,17.3,0.881,29,89.0,2,0.806,61.3,11,0
S10530,18-20,Transfer,3.4,0,0,3.3,0.626,4,73.7,1,0.765,79.3,53,1
S10531,18-20,Access,2.77,0,1,21.2,0.745,10,46.3,0,0.848,78.2,56,1
S10532,25+,Direct,3.29,0,0,22.5,0.858,21,88.4,0,0.947,86.2,46,1
S10533,18-20,Direct,3.04,0,0,3.4,0.663,16,46.2,0,0.789,70.8,58,1
S10534,18-20,Transfer,2.41,0,1,37.3,0.615,12,62.1,0,0.492,31.2,24,0
S10535,18-20,Direct,2.94,1,0,21.0,0.866,17,67.3,1,0.936,81.6,60,1
S10536,18-20,Transfer,1.83,0,1,11.6,0.764,27,65.5,0,0.763,39.4,16,0
S10537,18-20,Direct,1.93,0,1,20.7,0.859,23,60.6,0,0.8,29.3,14,0
S10538,18-20,Transfer,2.99,0,0,5.7,0.836,19,93.3,3,0.881,89.0,51,1
S10539,25+,Direct,2.46,0,0,13.0,0.812,26,70.4,0,0.778,54.2,12,0
S10540,18-20,Direct,3.05,1,0,19.0,0.576,9,58.6,3,0.463,54.2,16,0
S10541,21-24,Direct,2.09,1,1,10.6,0.792,29,82.0,3,0.782,85.4,52,1
S10542,18-20,Direct,2.45,0,1,10.8,0.688,14,91.1,0,0.803,87.5,60,1
S10543,21-24,Transfer,3.1,0,0,28.3,0.456,14,71.4,5,0.6,84.4,57,1
S10544,21-24,Direct,2.46,1,1,25.0,0.407,3,36.7,5,0.392,44.6,16,0
S10545,18-20,Transfer,2.29,0,1,8.9,0.884,22,66.1,0,0.798,36.0,25,0
S10546,18-20,Direct,3.27,1,1,17.7,0.758,15,78.6,0,0.858,84.0,55,1
S10547,18-20,Direct,2.85,1,0,36.2,0.634,10,58.1,2,0.727,82.9,50,1
S10548,25+,Direct,1.66,1,0,7.0,0.671,18,38.4,1,0.564,29.8,8,0
S10549,21-24,Direct,1.62,0,1,4.7,0.874,15,57.1,1,0.941,73.0,51,1
S10550,18-20,Direct,2.98,1,1,12.6,0.589,15,70.2,1,0.688,85.7,60,1
S10551,18-20,Access,1.76,0,1,26.6,0.798,8,53.0,0,0.755,37.4,12,0
S10552,21-24,Transfer,2.08,0,1,25.4,0.425,10,53.4,2,0.318,31.5,24,0
S10553,18-20,Direct,2.06,0,0,18.4,1.0,31,67.6,0,1.0,71.0,44,1
S10554,21-24,Direct,2.21,0,1,1.8,0.849,30,63.1,0,0.889,84.6,43,1
S10555,25+,Direct,2.74,1,0,7.7,0.617,11,68.5,3,0.5,37.2,24,0
S10556,21-24,Direct,2.39,1,0,9.7,0.687,4,45.5,2,0.589,46.2,22,0
S10557,18-20,Direct,2.76,0,1,19.4,0.985,36,77.3,0,1.0,83.0,56,1
S10558,21-24,Transfer,2.65,1,1,14.0,0.588,9,64.7,3,0.613,45.6,20,0
S10559,18-20,Direct,2.8,0,1,4.8,0.755,17,,1,0.947,76.5,50,1
S10560,18-20,Direct,2.1,0,0,34.9,0.832,22,68.9,1,0.805,33.6,19,0
S10561,25+,Access,2.21,0,1,12.1,0.79,27,57.8,1,0.729,32.7,19,0
S10562,25+,Direct,3.68,1,1,10.9,0.922,21,,4,1.0,93.6,60,1
S10563,18-20,Direct,2.72,1,1,13.9,0.663,5,41.5,0,0.704,81.1,60,1
S10564,18-20,Direct,,1,1,4.8,0.865,16,65.7,1,0.896,70.0,59,1
S10565,18-20,Direct,2.38,0,1,,0.688,14,60.5,0,0.622,52.1,18,0
S10566,25+,Access,2.27,0,1,31.0,0.659,22,46.9,0,0.635,32.9,13,0
S10567,21-24,Access,2.95,0,1,45.4,0.559,11,59.2,1,0.652,78.0,60,1
S10568,18-20,Direct,1.95,1,1,14.2,0.366,0,19.5,1,0.407,33.9,25,0
S10569,21-24,Transfer,,0,0,11.9,0.661,3,70.7,1,0.789,86.0,50,1
S10570,21-24,Direct,2.66,1,1,15.7,0.493,14,76.5,0,0.544,69.0,55,1
S10571,18-20,Direct,2.6,0,0,32.0,0.48,11,26.5,0,0.413,59.3,19,0
S10572,21-24,Direct,3.38,0,1,14.4,0.453,21,54.0,3,0.503,100.0,60,1
S10573,18-20,Direct,1.86,0,0,25.6,0.978,26,57.5,0,0.935,29.7,27,0
S10574,18-20,Transfer,2.51,0,1,12.7,0.34,9,46.1,1,0.276,44.9,21,0
S10575,18-20,Transfer,2.79,0,1,19.1,0.522,4,57.1,0,0.472,45.7,15,0
S10576,18-20,Direct,2.14,1,1,7.8,0.812,15,48.2,0,0.778,48.9,21,0
S10577,25+,Direct,2.22,1,0,37.3,0.866,21,68.0,1,0.835,42.8,12,0
S10578,18-20,Direct,1.61,1,0,16.5,0.537,21,61.4,0,0.389,34.2,24,0
S10579,18-20,Direct,2.14,1,1,13.5,0.785,17,69.1,1,0.869,64.3,50,1
S10580,21-24,Direct,2.77,1,0,12.6,0.516,10,51.5,1,0.619,86.2,56,1
S10581,18-20,Direct,2.62,0,0,10.7,0.67,23,58.7,0,0.699,70.6,56,1
S10582,18-20,Direct,2.22,0,1,17.0,0.869,25,83.4,4,0.902,77.7,50,1
S10583,21-24,Direct,3.01,0,0,30.0,0.713,21,58.5,3,0.717,81.8,58,1
S10584,18-20,Access,2.94,1,0,10.8,0.565,12,62.2,0,0.695,80.8,50,1
S10585,21-24,Transfer,2.23,0,0,21.3,1.0,38,88.0,0,1.0,77.8,60,1
S10586,18-20,Direct,2.41,0,1,25.4,0.64,17,62.2,2,0.536,48.8,19,0
S10587,25+,Transfer,2.82,1,0,18.1,0.647,16,65.0,2,0.632,88.3,60,1
S10588,18-20,Access,3.35,1,0,3.6,0.803,4,54.5,3,0.924,78.7,57,1
S10589,18-20,Access,2.48,1,0,18.2,0.511,19,54.8,3,0.437,40.8,9,0
S10590,18-20,Transfer,2.91,0,0,,0.895,20,49.2,1,0.825,66.4,26,0
S10591,18-20,Direct,2.88,0,1,8.5,0.787,21,96.1,0,0.852,74.9,47,1
S10592,18-20,Direct,2.95,1,1,21.1,0.879,17,87.4,2,0.985,79.7,51,1
S10593,18-20,Direct,4.0,0,0,15.5,0.748,23,75.6,0,0.813,86.1,60,1
S10594,18-20,Direct,2.01,1,0,6.7,0.711,6,53.1,1,0.799,77.8,58,1
S10595,18-20,Direct,2.86,0,0,9.9,0.657,14,50.6,0,0.521,53.0,21,0
S10596,18-20,Direct,2.22,0,0,17.3,0.68,16,,1,0.646,51.0,21,0
S10597,25+,Access,3.83,1,0,6.0,0.664,18,76.5,0,0.788,94.2,60,1
S10598,21-24,Direct,2.06,0,0,18.4,0.872,11,82.5,1,0.808,42.6,9,0
S10599,18-20,Transfer,2.37,1,1,3.3,0.49,10,40.1,3,0.401,42.0,15,0
S10600,18-20,Access,2.59,1,0,15.3,0.738,22,64.9,0,0.606,45.9,15,0
S10601,25+,Direct,2.81,0,0,13.3,0.321,0,46.9,1,0.191,60.0,17,0
S10602,25+,Direct,2.68,1,0,11.6,0.752,14,80.6,2,0.731,45.6,16,0
S10603,18-20,Direct,2.09,0,0,31.8,0.769,13,77.1,0,0.854,78.8,52,1
S10604,18-20,Transfer,2.86,0,0,58.6,0.664,26,85.9,0,0.735,75.6,55,1
S10605,21-24,Direct,,0,1,6.8,0.541,0,37.5,0,0.415,56.7,11,0
S10606,18-20,Direct,2.72,0,1,20.5,0.78,26,63.0,0,0.85,81.8,49,1
S10607,21-24,Direct,,1,1,21.1,0.818,19,58.6,1,0.857,37.9,15,0
S10608,21-24,Direct,3.39,1,0,6.9,0.836,25,80.8,1,0.887,76.3,46,1
S10609,21-24,Direct,2.66,1,0,37.7,0.594,14,64.2,2,0.593,40.7,17,0
S10610,18-20,Direct,1.33,0,1,2.9,0.584,14,32.9,2,0.575,39.7,20,0
S10611,25+,Transfer,2.56,0,0,46.2,0.796,27,74.1,0,0.866,79.3,47,1
S10612,18-20,Direct,3.21,1,0,16.9,0.671,10,73.7,3,0.676,87.0,56,1
S10613,18-20,Direct,2.54,1,0,18.4,0.65,24,58.8,1,0.584,49.9,14,0
S10614,21-24,Access,2.2,1,1,4.0,0.628,8,56.2,0,0.693,81.8,50,1
S10615,18-20,Access,2.36,1,0,34.4,0.2,0,33.6,5,0.174,43.2,21,0
S10616,25+,Direct,1.24,0,1,12.4,0.486,5,50.3,2,0.425,25.0,3,0
S10617,18-20,Direct,,0,0,15.5,0.919,22,70.3,0,1.0,72.8,54,1
S10618,18-20,Direct,3.38,0,0,26.6,0.54,6,73.0,3,0.435,65.4,25,0
S10619,18-20,Access,2.39,0,0,4.7,0.558,22,,3,0.428,42.3,25,0
S10620,21-24,Direct,2.14,1,1,8.0,0.695,18,50.4,0,0.777,68.3,56,1
S10621,21-24,Direct,2.16,0,0,9.2,0.783,19,78.2,1,0.706,49.0,16,0
S10622,25+,Access,3.41,0,0,8.1,0.741,15,79.8,1,0.664,48.1,18,0
S10623,18-20,Transfer,3.04,1,0,5.1,0.645,12,65.1,2,0.554,49.9,11,0
S10624,18-20,Direct,1.92,0,1,10.4,0.765,12,58.7,1,0.656,41.0,16,0
S10625,18-20,Transfer,2.89,0,1,2.2,0.36,10,34.8,3,0.461,81.6,48,1
S10626,18-20,Direct,3.51,0,0,11.0,0.601,14,72.5,1,0.646,90.2,60,1
S10627,18-20,Direct,2.34,1,0,15.8,0.631,15,61.8,1,0.572,42.9,30,0
S10628,21-24,Direct,3.12,0,1,3.9,0.852,18,,0,0.907,74.6,54,1
S10629,18-20,Transfer,2.54,0,0,45.2,0.436,10,42.8,1,0.317,32.7,19,0
S10630,25+,Direct,2.03,0,0,6.8,0.677,11,71.7,3,0.74,56.0,60,1
S10631,21-24,Direct,1.91,1,0,16.3,0.561,7,47.2,1,0.401,55.1,17,0
S10632,18-20,Access,2.54,1,0,7.9,0.806,17,85.3,1,0.844,75.3,60,1
S10633,21-24,Direct,3.28,0,0,17.7,0.901,28,84.7,0,0.946,84.8,56,1
S10634,21-24,Direct,2.01,0,0,15.1,0.709,15,83.7,0,0.678,55.7,5,0
S10635,18-20,Direct,3.07,1,1,19.4,0.8,22,65.2,1,0.737,57.6,22,0
S10636,21-24,Direct,3.04,1,0,7.8,0.708,20,65.6,0,0.744,63.9,60,1
S10637,18-20,Direct,3.12,0,0,18.8,0.763,13,72.1,0,0.84,76.4,48,1
S10638,18-20,Transfer,2.84,1,0,10.8,0.653,20,81.5,1,0.596,44.2,10,0
S10639,18-20,Transfer,2.26,0,1,17.0,0.253,3,22.0,2,0.279,51.8,7,0
S10640,18-20,Direct,2.73,1,0,51.0,0.855,16,68.6,0,0.982,91.2,48,1
S10641,18-20,Direct,2.84,0,0,9.8,0.785,18,70.6,0,0.638,54.1,20,0
S10642,18-20,Direct,2.71,1,1,47.0,0.528,8,27.8,1,0.642,77.5,56,1
S10643,18-20,Transfer,3.48,0,0,10.3,0.827,11,78.7,1,0.743,54.9,23,0
S10644,18-20,Direct,2.72,0,0,20.7,0.562,20,72.0,3,0.63,83.5,43,1
S10645,18-20,Transfer,3.29,0,0,4.7,1.0,24,72.7,1,1.0,78.1,60,1
S10646,25+,Direct,3.1,0,0,15.1,0.762,20,90.5,2,0.852,85.4,52,1
S10647,21-24,Access,1.71,0,0,15.6,0.977,19,80.8,2,0.957,39.3,11,0
S10648,21-24,Direct,3.35,0,1,13.9,1.0,20,90.0,1,0.926,55.8,19,0
S10649,25+,Direct,2.51,1,0,2.7,0.494,5,34.4,1,0.313,51.9,18,0
S10650,18-20,Access,2.18,1,0,21.6,0.608,11,55.2,1,0.56,47.6,9,0
S10651,18-20,Direct,2.15,1,1,11.3,0.697,19,64.2,1,0.631,36.4,15,0
S10652,18-20,Direct,2.57,0,0,19.1,0.706,15,77.4,1,0.656,45.0,15,0
S10653,18-20,Direct,1.98,1,1,6.8,0.456,3,47.5,6,0.375,45.0,16,0
S10654,18-20,Direct,3.67,1,1,4.4,0.898,19,57.8,1,1.0,75.4,57,1
S10655,18-20,Direct,2.51,0,0,1.5,0.854,15,49.4,1,0.937,76.4,49,1
S10656,21-24,Direct,3.08,0,0,4.4,0.756,22,78.9,0,0.793,81.2,45,1
S10657,18-20,Transfer,2.37,0,1,36.8,0.782,13,60.0,0,0.773,48.4,22,0
S10658,21-24,Direct,2.89,1,0,17.3,1.0,19,93.5,0,0.938,57.2,32,0
S10659,18-20,Transfer,2.4,0,1,15.6,0.525,3,59.5,3,0.581,69.8,56,1
S10660,18-20,Access,2.22,0,1,10.1,0.756,12,64.1,0,0.74,39.1,12,0
S10661,25+,Direct,2.53,1,1,8.6,0.65,14,38.3,1,0.728,75.9,55,1
S10662,21-24,Transfer,2.82,0,1,4.6,0.587,18,61.7,1,0.513,46.8,25,0
S10663,25+,Transfer,1.56,1,1,12.7,0.558,8,35.8,2,0.623,37.7,10,0
S10664,21-24,Transfer,3.1,0,1,20.5,0.867,25,,1,0.932,80.3,55,1
S10665,18-20,Direct,3.21,1,1,5.9,0.795,19,68.4,1,0.777,54.8,22,0
S10666,18-20,Access,2.8,1,0,18.5,0.728,20,62.5,1,0.912,91.0,57,1
S10667,18-20,Direct,2.68,0,1,23.7,0.719,13,86.2,1,0.831,73.2,44,1
S10668,21-24,Transfer,3.19,0,0,17.2,0.562,10,69.2,2,0.728,86.9,57,1
S10669,25+,Direct,2.41,1,0,23.5,0.594,12,58.8,1,0.533,28.4,10,0
S10670,21-24,Direct,2.29,0,1,3.9,0.898,18,54.7,1,0.811,40.2,14,0
S10671,18-20,Direct,3.74,1,1,24.5,1.0,21,84.2,1,1.0,89.2,60,1
S10672,18-20,Transfer,3.01,0,0,4.7,0.689,21,78.0,1,0.754,74.9,57,1
S10673,18-20,Transfer,2.78,0,0,30.5,1.0,24,,3,1.0,90.8,54,1
S10674,18-20,Direct,2.37,0,0,15.0,0.713,21,55.6,0,0.669,36.3,26,0
S10675,18-20,Direct,2.21,0,1,14.7,0.755,19,,2,0.652,35.9,14,0
S10676,21-24,Transfer,2.43,1,1,23.4,0.554,11,66.3,1,0.484,43.8,18,0
S10677,25+,Direct,2.95,0,0,10.9,0.756,23,79.6,3,0.776,85.1,58,1
S10678,18-20,Direct,2.64,0,0,15.5,0.692,19,42.5,0,0.858,78.5,47,1
S10679,18-20,Direct,2.8,1,0,14.9,0.796,22,77.2,1,0.833,66.9,57,1
S10680,18-20,Direct,,0,0,15.7,0.892,13,74.3,0,0.826,50.4,17,0
S10681,25+,Access,2.94,1,1,19.0,0.957,24,65.1,0,0.889,44.7,24,0
S10682,18-20,Direct,2.57,0,1,32.9,0.522,12,71.0,0,0.577,83.9,57,1
S10683,18-20,Access,2.68,0,1,9.9,0.74,12,68.6,0,0.57,51.3,19,0
S10684,18-20,Direct,2.79,0,0,8.2,0.732,20,70.6,1,0.814,82.5,55,1
S10685,18-20,Direct,2.05,0,0,8.2,0.319,2,35.5,2,0.305,34.9,14,0
S10686,18-20,Direct,1.8,1,1,22.0,0.689,17,48.4,2,0.595,31.5,10,0
S10687,18-20,Transfer,2.26,0,1,9.0,0.579,13,47.0,3,0.44,41.9,9,0
S10688,18-20,Direct,2.27,0,1,22.0,0.785,28,74.1,2,0.856,79.0,43,1
S10689,25+,Direct,2.36,0,1,4.7,0.935,18,69.7,2,0.933,69.3,51,1
S10690,18-20,Direct,2.25,0,1,24.0,0.72,10,73.6,0,0.671,39.9,16,0
S10691,18-20,Direct,3.06,1,0,11.9,0.573,18,52.9,3,0.494,55.3,14,0
S10692,18-20,Transfer,,0,1,24.7,0.996,12,70.9,2,1.0,96.5,60,1
S10693,18-20,Direct,2.72,0,1,1.4,0.747,12,89.9,0,0.772,74.8,54,1
S10694,18-20,Direct,2.3,1,0,38.9,0.653,17,55.6,2,0.533,45.8,17,0
S10695,21-24,Access,4.0,1,0,36.7,0.774,19,71.4,0,0.868,95.8,60,1
S10696,18-20,Direct,1.44,1,0,17.0,0.739,21,62.4,1,0.781,30.4,11,0
S10697,18-20,Direct,3.46,1,1,2.5,0.891,16,84.1,1,0.782,60.6,25,0
S10698,25+,Transfer,1.6,0,1,5.2,0.719,18,59.8,0,0.648,35.9,6,0
S10699,21-24,Access,2.26,0,0,6.7,0.531,13,48.8,1,0.671,60.9,50,1
S10700,18-20,Direct,3.37,0,0,6.9,0.56,15,62.3,1,0.652,71.8,59,1
S10701,18-20,Direct,1.49,1,1,30.0,0.746,12,42.7,0,0.862,71.5,44,1
S10702,18-20,Direct,2.64,0,1,38.9,0.837,26,100.0,1,0.926,71.5,58,1
S10703,18-20,Transfer,2.66,0,0,31.8,0.519,16,76.5,3,0.598,73.1,55,1
S10704,25+,Transfer,2.46,1,0,3.2,0.676,12,58.8,0,0.683,82.8,53,1
S10705,18-20,Direct,2.86,0,0,20.9,0.638,17,74.7,0,0.787,71.2,57,1
S10706,21-24,Transfer,2.04,0,0,10.0,0.871,24,55.0,2,0.948,66.7,60,1
S10707,18-20,Access,3.1,1,0,12.2,0.554,6,41.3,1,0.693,79.8,59,1
S10708,18-20,Direct,2.66,1,0,21.4,0.706,20,81.7,2,0.723,80.8,60,1
S10709,25+,Transfer,3.2,0,0,10.0,0.681,12,73.7,0,0.795,84.5,56,1
S10710,18-20,Direct,3.34,0,1,3.0,0.871,23,87.4,1,0.953,93.7,60,1
S10711,18-20,Direct,2.53,1,1,10.3,0.565,17,45.3,1,0.566,76.9,60,1
S10712,25+,Transfer,2.54,0,1,27.7,0.447,13,76.6,1,0.41,45.8,22,0
S10713,21-24,Direct,3.22,0,1,28.4,0.481,6,40.3,2,0.469,45.4,17,0
S10714,18-20,Direct,2.34,0,0,18.2,0.73,5,48.0,0,0.631,34.8,15,0
S10715,21-24,Direct,1.3,1,0,14.2,0.41,4,39.3,0,0.338,37.0,8,0
S10716,25+,Access,1.65,0,0,18.6,0.677,14,,0,0.637,43.7,23,0
S10717,18-20,Direct,2.48,0,1,22.7,0.451,18,54.0,2,0.565,79.6,55,1
S10718,25+,Access,2.52,0,0,54.9,0.654,22,56.4,3,0.6,53.1,13,0
S10719,25+,Direct,2.58,1,1,14.6,0.62,11,87.1,1,0.546,63.5,15,0
S10720,18-20,Direct,3.04,0,0,32.1,0.886,21,52.3,1,0.787,56.7,23,0
S10721,21-24,Direct,2.79,0,1,7.6,0.505,15,20.8,1,0.402,41.8,22,0
S10722,25+,Direct,2.41,1,1,12.2,0.771,10,61.0,3,0.686,49.4,16,0
S10723,18-20,Direct,2.58,0,0,31.7,0.673,22,100.0,1,0.793,85.6,47,1
S10724,21-24,Direct,3.27,1,0,5.8,0.84,16,85.7,1,0.791,53.1,23,0
S10725,25+,Direct,2.19,0,1,27.5,0.833,16,68.7,1,0.773,40.5,5,0
S10726,25+,Direct,2.98,0,0,4.8,0.865,12,77.6,0,0.878,38.6,21,0
S10727,21-24,Access,3.46,1,1,4.6,0.906,28,70.5,0,0.983,96.1,55,1
S10728,25+,Direct,,1,1,14.5,0.479,8,25.8,1,0.567,73.2,54,1
S10729,18-20,Direct,1.85,1,0,17.5,0.558,0,53.3,1,0.439,45.0,13,0
S10730,18-20,Transfer,3.22,1,1,30.1,0.706,27,70.7,2,0.776,88.1,57,1
S10731,18-20,Direct,1.81,0,1,7.8,0.579,15,62.0,0,0.712,74.4,52,1
S10732,21-24,Direct,,0,1,34.8,0.7,16,51.6,2,0.624,42.2,21,0
S10733,18-20,Access,2.35,1,1,26.8,1.0,27,75.8,0,0.964,83.9,47,1
S10734,21-24,Direct,3.18,1,1,11.3,0.936,16,65.5,2,0.92,48.6,27,0
S10735,21-24,Transfer,2.35,0,0,5.5,0.661,20,51.7,0,0.803,65.2,57,1
S10736,21-24,Direct,3.62,0,0,45.7,0.612,22,70.2,1,0.76,88.5,60,1
S10737,25+,Direct,3.41,0,0,8.9,0.777,26,79.4,2,0.729,49.3,21,0
S10738,18-20,Transfer,3.09,0,0,25.4,1.0,31,100.0,0,1.0,83.1,55,1
S10739,18-20,Direct,2.28,0,1,5.6,0.676,15,39.8,2,0.623,56.6,13,0
S10740,18-20,Direct,2.74,0,1,3.5,0.812,29,92.1,2,0.767,47.9,23,0
S10741,21-24,Direct,2.12,1,1,6.2,0.496,13,47.3,2,0.392,46.9,12,0
S10742,21-24,Direct,3.74,1,1,5.7,0.605,17,63.6,2,0.534,52.9,20,0
S10743,21-24,Direct,2.47,0,0,29.5,0.631,18,59.3,2,0.535,35.0,21,0
S10744,21-24,Direct,2.12,0,1,25.3,0.752,19,59.0,1,0.67,27.1,16,0
S10745,21-24,Transfer,3.25,1,1,12.2,0.704,14,70.1,0,0.65,54.8,22,0
S10746,18-20,Direct,3.45,1,0,4.4,0.868,27,91.7,1,0.92,86.6,59,1
S10747,21-24,Direct,2.0,0,1,21.1,0.743,20,41.7,1,0.682,30.6,18,0
S10748,18-20,Transfer,3.78,0,1,28.2,0.598,22,72.7,5,0.453,68.3,20,0
S10749,25+,Direct,3.02,1,1,1.5,0.696,19,67.6,1,0.785,74.8,47,1
S10750,18-20,Transfer,1.7,0,1,33.3,0.503,6,72.5,0,0.756,71.2,53,1
S10751,21-24,Direct,3.15,1,1,9.7,0.84,26,65.8,2,0.935,85.3,60,1
S10752,18-20,Direct,1.57,0,1,3.7,0.425,16,54.3,2,0.394,34.8,23,0
S10753,21-24,Direct,3.95,0,0,6.2,0.669,13,74.5,1,0.826,87.3,59,1
S10754,18-20,Direct,2.75,1,1,11.0,0.476,15,66.7,1,0.608,85.3,55,1
S10755,25+,Transfer,3.7,0,1,17.1,0.714,29,80.5,1,0.825,85.4,60,1
S10756,18-20,Transfer,2.73,1,1,12.7,0.502,8,72.4,1,0.671,65.7,53,1
S10757,18-20,Direct,3.01,0,0,17.5,0.724,17,67.6,0,0.753,80.3,60,1
S10758,25+,Direct,2.21,0,0,3.7,0.552,13,72.2,0,0.464,49.9,8,0
S10759,18-20,Direct,2.49,1,0,42.7,0.49,9,56.5,1,0.444,55.4,15,0
S10760,21-24,Direct,2.49,0,1,7.6,0.703,9,67.6,1,0.798,79.9,60,1
S10761,21-24,Direct,2.56,0,0,0.9,0.89,23,63.9,1,0.901,69.8,49,1
S10762,21-24,Transfer,2.21,0,1,32.9,0.544,0,60.3,1,0.459,47.6,15,0
S10763,25+,Direct,1.82,0,0,4.6,0.792,15,49.9,0,0.938,81.8,49,1
S10764,21-24,Access,2.22,0,0,36.0,0.639,10,43.7,1,0.59,36.6,13,0
S10765,18-20,Direct,3.21,0,1,9.3,0.516,12,64.0,1,0.496,58.8,15,0
S10766,18-20,Direct,3.18,0,0,12.8,0.478,10,34.6,1,0.43,50.1,23,0
S10767,18-20,Direct,,1,0,2.5,0.452,21,46.1,0,0.485,85.3,53,1
S10768,18-20,Direct,3.26,1,1,40.7,0.782,16,70.8,2,0.735,61.3,22,0
S10769,18-20,Direct,2.54,1,0,24.1,0.772,17,,2,0.703,39.4,17,0
S10770,18-20,Direct,2.87,0,1,17.1,0.811,17,68.1,1,0.865,85.9,53,1
S10771,18-20,Access,3.24,0,1,20.8,0.969,29,72.4,1,1.0,89.1,60,1
S10772,25+,Direct,2.78,0,1,50.1,0.344,11,60.4,1,0.257,59.1,22,0
S10773,21-24,Direct,1.96,0,0,15.1,0.669,17,65.3,1,0.579,43.4,14,0
S10774,21-24,Direct,2.74,0,0,21.7,1.0,27,85.8,1,1.0,78.5,60,1
S10775,21-24,Transfer,,1,1,46.6,0.975,26,84.1,2,0.939,74.1,55,1
S10776,21-24,Direct,2.42,1,1,50.7,0.818,24,67.0,1,0.885,89.4,46,1
S10777,21-24,Direct,1.59,0,1,6.1,0.815,18,65.3,2,0.742,28.1,26,0
S10778,25+,Transfer,2.66,0,0,1.4,0.874,16,91.6,2,0.953,61.5,57,1
S10779,18-20,Access,3.04,0,0,3.4,0.781,18,75.4,1,0.899,96.0,53,1
S10780,18-20,Direct,3.35,0,1,5.7,0.582,13,63.2,2,0.491,54.4,25,0
S10781,21-24,Direct,1.75,0,0,4.5,0.829,21,68.8,0,0.798,32.3,16,0
S10782,21-24,Direct,2.55,1,0,6.6,0.945,28,83.8,1,0.871,47.2,17,0
S10783,18-20,Direct,1.87,0,0,30.1,0.709,27,71.5,0,0.879,73.7,50,1
S10784,18-20,Transfer,2.04,0,1,8.0,0.749,15,85.6,2,0.797,64.4,49,1
S10785,18-20,Direct,,0,1,38.0,0.703,14,47.4,2,0.623,35.5,8,0
S10786,18-20,Direct,3.09,1,0,2.0,0.853,16,58.5,1,0.831,43.4,20,0
S10787,18-20,Access,2.86,0,0,23.7,0.754,14,55.1,1,0.861,87.0,53,1
S10788,18-20,Direct,2.58,0,0,6.0,0.847,20,62.0,1,0.745,37.4,14,0
S10789,21-24,Direct,3.61,1,0,7.2,0.894,20,75.8,4,1.0,76.4,51,1
S10790,25+,Transfer,3.98,0,1,18.4,1.0,22,100.0,2,1.0,86.5,60,1
S10791,18-20,Access,2.61,1,0,7.2,0.67,16,64.7,2,0.704,81.7,56,1
S10792,18-20,Access,3.18,0,1,15.9,0.803,17,73.1,1,0.658,54.2,21,0
S10793,18-20,Direct,2.5,0,1,41.0,0.85,25,83.3,1,0.966,93.1,53,1
S10794,25+,Direct,3.82,0,1,10.4,0.768,19,86.5,1,0.833,86.8,60,1
S10795,18-20,Direct,2.12,1,0,17.9,0.677,27,68.3,3,0.797,79.9,51,1
S10796,18-20,Direct,2.68,0,1,3.1,0.71,18,,0,0.677,45.8,17,0
S10797,21-24,Transfer,2.76,1,1,16.8,0.703,16,63.6,3,0.805,76.6,47,1
S10798,25+,Access,1.52,0,1,8.0,0.844,16,69.8,0,0.803,43.7,17,0
S10799,21-24,Direct,2.21,0,1,37.5,0.757,4,55.5,2,0.754,39.9,12,0
S10020,18-20,Transfer,2.54,0,0,25.9,0.443,15,56.8,1,0.336,48.0,16,0
S10438,21-24,Direct,3.94,0,0,4.7,0.763,26,60.4,1,0.85,95.8,60,1
S10570,21-24,Direct,2.66,1,1,15.7,0.493,14,76.5,0,0.544,69.0,55,1
S10358,21-24,Transfer,2.8,1,0,18.7,0.943,25,58.4,3,0.937,53.4,19,0
S10566,25+,Access,2.27,0,1,31.0,0.659,22,46.9,0,0.635,32.9,13,0
S10698,25+,Transfer,1.6,0,1,5.2,0.719,18,59.8,0,0.648,35.9,6,0
S10498,25+,Direct,2.58,0,0,7.1,0.759,17,85.8,1,0.661,47.4,17,0
S10534,18-20,Transfer,2.41,0,1,37.3,0.615,12,62.1,0,0.492,31.2,24,0
